customer_id,segment,industry,plan,mrr,clv,usage_score,nps_score,support_tickets,churn_probability,risk_category
CUST_002148,Small Business,Manufacturing,Basic,49,794.79,44,40,3,1.0,Very High Risk
CUST_001773,Enterprise,Finance,Business,399,5322.7300000000005,47,25,2,0.9999661645049546,Very High Risk
CUST_003630,Mid-Market,Retail,Business,399,6529.52,45,81,3,0.9998664494052395,Very High Risk
CUST_000482,Small Business,Education,Basic,49,870.38,50,42,1,0.9998318430535166,Very High Risk
CUST_002591,Small Business,Healthcare,Basic,49,640.67,44,84,1,0.999798007558471,Very High Risk
CUST_001210,Mid-Market,Technologies,Basic,49,1101.18,57,83,2,0.9997424528225918,Very High Risk
CUST_002021,Small Business,Technologies,Basic,49,1012.85,41,69,3,0.9997424528225918,Very High Risk
CUST_000183,Small Business,Healthcare,Basic,49,583.35,44,-49,2,0.9996988188652345,Very High Risk
CUST_000119,Small Business,Other,Professional,99,724.02,48,-27,1,0.99960273664826,Very High Risk
CUST_000550,Small Business,Retail,Professional,99,943.28,43,-14,1,0.99960273664826,Very High Risk
CUST_001269,Small Business,Manufacturing,Professional,99,1134.44,46,62,2,0.999503021548545,Very High Risk
CUST_001351,Startup,Finance,Basic,49,550.67,52,92,1,0.9994445678114695,Very High Risk
CUST_002463,Enterprise,Technologies,Basic,49,893.9399999999999,46,66,3,0.9993515993261812,Very High Risk
CUST_001601,Startup,Real Estate,Basic,49,921.39,48,-49,3,0.9993418008638695,Very High Risk
CUST_004637,Startup,Education,Basic,49,485.34000000000003,40,52,4,0.999190082644628,Very High Risk
CUST_004820,Startup,Technologies,Business,399,5531.4,59,55,0,0.9991611551961133,Very High Risk
CUST_000453,Small Business,Retail,Basic,49,505.23,52,-8,1,0.999157834431395,Very High Risk
CUST_004027,Small Business,Retail,Basic,49,705.72,42,23,4,0.9991562471495825,Very High Risk
CUST_004963,Small Business,Manufacturing,Business,399,5636.34,47,-24,3,0.9991562471495825,Very High Risk
CUST_003857,Small Business,Real Estate,Business,399,7868.45,42,1,0,0.9991506434699778,Very High Risk
CUST_002940,Startup,Healthcare,Basic,49,347.54,48,39,1,0.9990219256981446,Very High Risk
CUST_004966,Startup,Technologies,Basic,49,354.72,45,29,2,0.9989325354672198,Very High Risk
CUST_004864,Mid-Market,Real Estate,Business,399,7208.12,56,39,3,0.9988878589850572,Very High Risk
CUST_003135,Startup,Other,Professional,99,900.01,44,13,3,0.9988005298615446,Very High Risk
CUST_004464,Startup,Retail,Professional,99,813.53,48,-42,2,0.9987928192928882,Very High Risk
CUST_003201,Small Business,Real Estate,Professional,99,1210.67,42,-33,3,0.9987928192928882,Very High Risk
CUST_000750,Small Business,Education,Professional,99,709.55,41,32,3,0.9987928192928882,Very High Risk
CUST_004427,Startup,Other,Professional,99,803.35,44,-5,3,0.9987928192928882,Very High Risk
CUST_000414,Small Business,Manufacturing,Basic,49,878.15,47,47,4,0.9985972367066885,Very High Risk
CUST_004898,Small Business,Retail,Business,399,8895.32,45,64,2,0.998519533728952,Very High Risk
CUST_001118,Enterprise,Manufacturing,Professional,99,718.88,43,64,1,0.9984673614574979,Very High Risk
CUST_001385,Small Business,Finance,Professional,99,1115.96,45,0,6,0.9984288678197513,Very High Risk
CUST_003874,Small Business,Technologies,Basic,49,661.0500000000001,41,-1,1,0.9984272817067162,Very High Risk
CUST_004799,Startup,Manufacturing,Business,399,5534.98,53,38,4,0.998253226090064,Very High Risk
CUST_004188,Small Business,Manufacturing,Basic,49,832.12,55,8,1,0.9981800175029584,Very High Risk
CUST_002559,Mid-Market,Technologies,Basic,49,302.34000000000003,58,29,1,0.9981762192834458,Very High Risk
CUST_001047,Mid-Market,Technologies,Basic,49,910.2,50,55,4,0.9981611564732301,Very High Risk
CUST_003297,Small Business,Finance,Business,399,6757.03,43,58,4,0.9981117771247306,Very High Risk
CUST_001851,Startup,Technologies,Business,399,6037.97,47,49,5,0.9981117771247306,Very High Risk
CUST_000221,Mid-Market,Real Estate,Basic,49,681.15,48,26,1,0.9981078143995518,Very High Risk
CUST_002008,Startup,Real Estate,Professional,99,1293.26,44,-13,2,0.9980979948147511,Very High Risk
CUST_002307,Enterprise,Other,Professional,99,1306.87,50,-17,2,0.9980979948147511,Very High Risk
CUST_001498,Small Business,Manufacturing,Business,399,6877.69,51,-18,4,0.9980779416296852,Very High Risk
CUST_004100,Small Business,Retail,Professional,99,2257.63,47,81,2,0.9979982797150361,Very High Risk
CUST_004829,Small Business,Technologies,Professional,99,705.03,40,41,2,0.9979906125061726,Very High Risk
CUST_003296,Small Business,Finance,Business,399,6439.99,42,14,2,0.997912606508866,Very High Risk
CUST_002211,Mid-Market,Technologies,Basic,49,631.6899999999999,64,17,4,0.9979074075153345,Very High Risk
CUST_001491,Mid-Market,Technologies,Professional,99,1237.95,41,6,1,0.997823153258416,Very High Risk
CUST_001971,Small Business,Technologies,Basic,49,911.66,53,65,3,0.9976592395962091,Very High Risk
CUST_003680,Small Business,Technologies,Business,399,6943.46,45,0,5,0.997658435420669,Very High Risk
CUST_004237,Startup,Retail,Business,399,8009.53,52,-13,1,0.9976031645212796,Very High Risk
CUST_004862,Startup,Manufacturing,Business,399,1628.74,51,53,1,0.9975274146983709,Very High Risk
CUST_001448,Startup,Finance,Business,399,2418.26,43,-20,3,0.9975274146983709,Very High Risk
CUST_001961,Startup,Finance,Business,399,2010.56,47,80,2,0.9975274146983709,Very High Risk
CUST_003707,Small Business,Manufacturing,Enterprise,999,16936.17,43,26,3,0.9974169526465937,Very High Risk
CUST_003034,Mid-Market,Manufacturing,Basic,49,655.08,62,-38,2,0.9973896084507201,Very High Risk
CUST_004808,Enterprise,Retail,Basic,49,249.57,47,-16,5,0.9973745456405045,Very High Risk
CUST_002455,Small Business,Healthcare,Basic,49,496.19,52,67,3,0.9973701001475864,Very High Risk
CUST_000837,Small Business,Manufacturing,Basic,49,435.85,53,26,4,0.9973362646525409,Very High Risk
CUST_001315,Mid-Market,Other,Professional,99,1266.94,50,60,2,0.9972900052279663,Very High Risk
CUST_003588,Startup,Finance,Basic,49,813.92,54,-8,2,0.9971887926748062,Very High Risk
CUST_000502,Startup,Healthcare,Professional,99,1213.97,45,22,1,0.9971434521524187,Very High Risk
CUST_004718,Startup,Healthcare,Professional,99,2236.1,42,10,0,0.9970667478869101,Very High Risk
CUST_002765,Startup,Healthcare,Professional,99,1824.13,46,-8,3,0.9970196892948537,Very High Risk
CUST_003947,Small Business,Technologies,Business,399,4434.12,47,43,4,0.9970174791873205,Very High Risk
CUST_003699,Enterprise,Healthcare,Basic,49,442.40999999999997,44,27,2,0.9970128941715789,Very High Risk
CUST_003906,Small Business,Technologies,Basic,49,936.26,49,14,2,0.9968811108577514,Very High Risk
CUST_001115,Small Business,Healthcare,Business,399,5747.6,63,16,2,0.9968721322094808,Very High Risk
CUST_002200,Mid-Market,Technologies,Basic,49,640.49,63,0,4,0.9968694474200761,Very High Risk
CUST_004606,Small Business,Finance,Professional,99,2018.15,53,30,1,0.9968530442641069,Very High Risk
CUST_003574,Mid-Market,Finance,Basic,49,390.7,53,11,1,0.9967637302294249,Very High Risk
CUST_002909,Mid-Market,Other,Professional,99,908.38,53,25,2,0.9966934005930334,Very High Risk
CUST_001119,Startup,Technologies,Professional,99,1503.99,64,91,2,0.9966854361803789,Very High Risk
CUST_004157,Enterprise,Manufacturing,Business,399,8547.21,50,28,1,0.9965656908325785,Very High Risk
CUST_002980,Enterprise,Manufacturing,Basic,49,426.4,51,19,3,0.99655595801386,Very High Risk
CUST_004196,Mid-Market,Technologies,Professional,99,1797.08,65,53,2,0.9965229318666826,Very High Risk
CUST_003367,Small Business,Technologies,Business,399,2498.86,54,8,3,0.996501167912882,Very High Risk
CUST_002366,Small Business,Finance,Professional,99,1286.95,59,54,2,0.9964748688577408,Very High Risk
CUST_001069,Mid-Market,Real Estate,Professional,99,1692.57,65,50,3,0.9962862428490837,Very High Risk
CUST_001616,Mid-Market,Healthcare,Professional,99,2031.09,60,-25,3,0.9962567609712946,Very High Risk
CUST_004488,Mid-Market,Healthcare,Basic,49,203.14,61,-47,1,0.9962149750837601,Very High Risk
CUST_004125,Startup,Real Estate,Professional,99,2205.77,41,5,3,0.9962116997080689,Very High Risk
CUST_001087,Mid-Market,Technologies,Professional,99,1610.45,64,60,3,0.9961673707403698,Very High Risk
CUST_002917,Mid-Market,Technologies,Professional,99,2170.91,59,7,3,0.9961673707403698,Very High Risk
CUST_003772,Mid-Market,Technologies,Business,399,6013.5,46,48,1,0.9961668586140674,Very High Risk
CUST_000987,Small Business,Finance,Professional,99,886.45,73,80,1,0.9961546761108049,Very High Risk
CUST_000656,Enterprise,Technologies,Business,399,7220.35,55,13,4,0.9961459943987687,Very High Risk
CUST_003650,Small Business,Healthcare,Business,399,3930.47,58,46,0,0.996145201801247,Very High Risk
CUST_004884,Startup,Healthcare,Professional,99,2126.53,45,23,2,0.9960913084588836,Very High Risk
CUST_003403,Small Business,Technologies,Basic,49,722.9300000000001,53,61,2,0.9960810513360308,Very High Risk
CUST_003746,Startup,Healthcare,Basic,49,284.78999999999996,59,69,1,0.9960626435573832,Very High Risk
CUST_000023,Small Business,Real Estate,Professional,99,2175.54,48,52,2,0.9960444368186626,Very High Risk
CUST_001972,Small Business,Retail,Professional,99,1993.65,42,46,2,0.9960444368186626,Very High Risk
CUST_003894,Mid-Market,Technologies,Professional,99,1786.4,40,13,2,0.9959550465877378,Very High Risk
CUST_000557,Small Business,Finance,Professional,99,1658.58,68,95,2,0.9958544235575104,Very High Risk
CUST_003815,Small Business,Finance,Professional,99,1094.31,76,26,2,0.9958485521055649,Very High Risk
CUST_002840,Mid-Market,Finance,Business,399,6002.5599999999995,47,5,5,0.9958259056892121,Very High Risk
CUST_003700,Enterprise,Healthcare,Basic,49,943.6,44,6,0,0.9958212838494758,Very High Risk
CUST_003275,Small Business,Manufacturing,Professional,99,538.05,47,12,3,0.9957908369730637,Very High Risk
CUST_002416,Mid-Market,Healthcare,Professional,99,702.92,43,34,4,0.9956535078193062,Very High Risk
CUST_004310,Small Business,Healthcare,Basic,49,1176.67,51,-17,2,0.9956450733368958,Very High Risk
CUST_000822,Mid-Market,Retail,Business,399,6395.4,44,47,0,0.9956416360625182,Very High Risk
CUST_002539,Startup,Manufacturing,Professional,99,1623.13,55,-17,1,0.995522230661603,Very High Risk
CUST_001532,Small Business,Retail,Basic,49,686.16,57,-41,2,0.9955126778566307,Very High Risk
CUST_000363,Small Business,Technologies,Business,399,5554.06,73,48,0,0.995453086134427,Very High Risk
CUST_000344,Small Business,Technologies,Business,399,5014.7,75,-48,0,0.995453086134427,Very High Risk
CUST_003192,Small Business,Technologies,Enterprise,999,13832.7,72,19,0,0.995453086134427,Very High Risk
CUST_004378,Startup,Healthcare,Basic,49,241.49,50,28,2,0.9954232665011302,Very High Risk
CUST_002331,Mid-Market,Technologies,Basic,49,823.81,47,9,1,0.9953882071694578,Very High Risk
CUST_004145,Small Business,Healthcare,Basic,49,540.31,62,76,2,0.9953826363488417,Very High Risk
CUST_000107,Startup,Finance,Basic,49,559.08,70,13,1,0.995376764071089,Very High Risk
CUST_001915,Startup,Technologies,Professional,99,1618.81,59,77,2,0.9953546225778749,Very High Risk
CUST_000718,Mid-Market,Healthcare,Basic,49,599.04,70,64,3,0.9953140875770201,Very High Risk
CUST_002756,Mid-Market,Healthcare,Professional,99,649.81,72,34,2,0.9952910783527106,Very High Risk
CUST_002471,Mid-Market,Other,Business,399,3223.08,51,42,4,0.9952680258914754,Very High Risk
CUST_002609,Small Business,Manufacturing,Basic,49,962.58,67,-15,3,0.9952076790908173,Very High Risk
CUST_004834,Small Business,Technologies,Professional,99,1862.89,58,26,2,0.9951921182641786,Very High Risk
CUST_001702,Mid-Market,Technologies,Professional,99,1846.4,64,-13,2,0.9951921182641786,Very High Risk
CUST_003053,Mid-Market,Technologies,Business,399,2450.04,66,83,1,0.9951823026429765,Very High Risk
CUST_002802,Startup,Healthcare,Professional,99,576.46,65,-46,1,0.9951352909580831,Very High Risk
CUST_003932,Startup,Technologies,Basic,49,1112.39,63,19,2,0.9951300497218165,Very High Risk
CUST_004069,Small Business,Finance,Professional,99,1529.66,44,33,1,0.9950898941563302,Very High Risk
CUST_001391,Mid-Market,Finance,Business,399,3283.19,59,4,2,0.9950888434185903,Very High Risk
CUST_003899,Mid-Market,Retail,Basic,49,553.56,58,62,3,0.9950758545659627,Very High Risk
CUST_002364,Small Business,Finance,Basic,49,406.13,31,90,1,0.9950455308108127,Very High Risk
CUST_001120,Small Business,Technologies,Basic,49,930.44,64,35,2,0.9949891767345777,Very High Risk
CUST_004899,Mid-Market,Finance,Professional,99,1863.14,46,36,1,0.9949382433088746,Very High Risk
CUST_000072,Startup,Manufacturing,Basic,49,996.45,19,69,1,0.9948916972163527,Very High Risk
CUST_002185,Small Business,Healthcare,Basic,49,996.24,72,-15,3,0.9948477623416649,Very High Risk
CUST_002862,Startup,Finance,Basic,49,1000.98,41,40,1,0.9948321647106942,Very High Risk
CUST_002687,Small Business,Technologies,Enterprise,999,16846.23,47,43,1,0.9947466166736985,Very High Risk
CUST_000512,Small Business,Manufacturing,Business,399,6835.23,62,-6,1,0.9947454536994109,Very High Risk
CUST_001240,Enterprise,Other,Enterprise,999,13156.53,79,90,0,0.9947413035472182,Very High Risk
CUST_002260,Small Business,Healthcare,Basic,49,948.76,66,77,2,0.9946704233293984,Very High Risk
CUST_001287,Startup,Finance,Business,399,3372.37,55,-30,2,0.9946441697293684,Very High Risk
CUST_002642,Small Business,Healthcare,Business,399,5832.41,65,82,0,0.9945694285637231,Very High Risk
CUST_002399,Mid-Market,Real Estate,Professional,99,1234.16,69,59,2,0.9943506012993117,Very High Risk
CUST_004988,Small Business,Finance,Professional,99,1153.71,56,94,2,0.9943470211845831,Very High Risk
CUST_001659,Small Business,Technologies,Basic,49,587.54,61,82,3,0.994301030540548,Very High Risk
CUST_003040,Small Business,Finance,Basic,49,655.26,30,54,2,0.9941792807953947,Very High Risk
CUST_002023,Mid-Market,Education,Basic,49,418.15,52,-17,1,0.9941612553675931,Very High Risk
CUST_003354,Small Business,Technologies,Basic,49,533.6,32,51,3,0.994146223224516,Very High Risk
CUST_001086,Mid-Market,Healthcare,Business,399,3183.31,58,53,1,0.9941154182362979,Very High Risk
CUST_003743,Small Business,Healthcare,Enterprise,999,14084.91,42,17,0,0.9940847697609126,Very High Risk
CUST_001660,Mid-Market,Healthcare,Professional,99,1809.11,54,-5,1,0.9940013867543105,Very High Risk
CUST_004452,Enterprise,Technologies,Basic,49,599.39,72,18,2,0.9939801716339268,Very High Risk
CUST_001319,Mid-Market,Manufacturing,Professional,99,2087.11,52,19,4,0.9939440295510008,Very High Risk
CUST_002726,Mid-Market,Education,Business,399,7029.17,59,30,3,0.9938856117940459,Very High Risk
CUST_002065,Startup,Manufacturing,Enterprise,999,22085.57,49,28,3,0.9938314236857846,Very High Risk
CUST_002261,Mid-Market,Technologies,Business,399,2426.04,70,51,1,0.9937748011228104,Very High Risk
CUST_001454,Small Business,Other,Basic,49,787.8,66,41,2,0.9936759342117347,Very High Risk
CUST_003691,Small Business,Healthcare,Professional,99,2157.94,67,58,4,0.9936358970383726,Very High Risk
CUST_001306,Startup,Healthcare,Basic,49,960.3100000000001,35,12,2,0.9936090344706117,Very High Risk
CUST_003523,Small Business,Technologies,Basic,49,885.76,33,72,3,0.9935364664517823,Very High Risk
CUST_004611,Small Business,Retail,Business,399,2330.25,42,30,4,0.993534199905488,Very High Risk
CUST_003194,Small Business,Manufacturing,Basic,49,528.66,50,22,0,0.9935128034294233,Very High Risk
CUST_003388,Startup,Education,Basic,49,435.45,33,15,2,0.9934383532044887,Very High Risk
CUST_003773,Small Business,Healthcare,Basic,49,1079.21,45,78,3,0.9933397047289703,Very High Risk
CUST_000052,Small Business,Technologies,Business,399,8120.14,46,-24,2,0.9932446486722114,Very High Risk
CUST_002872,Startup,Healthcare,Professional,99,2226.77,65,-30,3,0.9932390000114055,Very High Risk
CUST_000828,Small Business,Finance,Basic,49,1121.86,55,58,2,0.9932085533426719,Very High Risk
CUST_001556,Small Business,Finance,Basic,49,391.54,23,43,2,0.9931538545204668,Very High Risk
CUST_001398,Small Business,Education,Business,399,6154.3,65,93,4,0.9931521944788699,Very High Risk
CUST_004616,Small Business,Retail,Professional,99,2014.66,60,36,2,0.9931186087622202,Very High Risk
CUST_002990,Mid-Market,Retail,Business,399,5282.93,55,-6,3,0.9931052435501841,Very High Risk
CUST_002253,Mid-Market,Real Estate,Business,399,3739.7,52,11,3,0.9931052435501841,Very High Risk
CUST_000339,Startup,Real Estate,Basic,49,439.96000000000004,11,11,2,0.993097521860421,Very High Risk
CUST_000276,Small Business,Technologies,Business,399,5177.83,44,75,3,0.9930653047993683,Very High Risk
CUST_002529,Small Business,Finance,Basic,49,690.22,51,52,1,0.9930081692212887,Very High Risk
CUST_003147,Startup,Healthcare,Basic,49,794.12,30,39,2,0.9930056734446033,Very High Risk
CUST_001666,Mid-Market,Manufacturing,Basic,49,1012.17,61,3,3,0.9929541584173002,Very High Risk
CUST_001446,Startup,Healthcare,Business,399,7554.95,66,36,1,0.9929537450913061,Very High Risk
CUST_004018,Small Business,Finance,Basic,49,620.67,70,12,2,0.9928151358062233,Very High Risk
CUST_002834,Mid-Market,Finance,Basic,49,889.8100000000001,54,20,1,0.9928143396913056,Very High Risk
CUST_003161,Startup,Technologies,Professional,99,807.97,47,72,1,0.9927651422472096,Very High Risk
CUST_001064,Small Business,Real Estate,Business,399,2768.67,50,12,4,0.9927581180451616,Very High Risk
CUST_000323,Mid-Market,Retail,Basic,49,701.86,42,-27,2,0.9926789861486257,Very High Risk
CUST_003850,Startup,Technologies,Basic,49,282.61,30,50,2,0.9926536269757499,Very High Risk
CUST_002560,Enterprise,Technologies,Basic,49,1125.44,69,4,3,0.9926415992878694,Very High Risk
CUST_001243,Mid-Market,Other,Business,399,3950.85,61,-27,2,0.9926326780087185,Very High Risk
CUST_002125,Small Business,Education,Professional,99,1953.01,54,-7,2,0.9925815018327626,Very High Risk
CUST_000600,Startup,Manufacturing,Professional,99,2072.61,53,26,2,0.9925815018327626,Very High Risk
CUST_000665,Startup,Technologies,Professional,99,756.75,43,9,0,0.992512878518495,Very High Risk
CUST_003273,Small Business,Manufacturing,Basic,49,454.53,36,34,4,0.9924477169364334,Very High Risk
CUST_003980,Small Business,Retail,Professional,99,2207.08,51,18,1,0.9924264971216015,Very High Risk
CUST_000893,Small Business,Real Estate,Basic,49,245.56,49,71,0,0.9924186020239947,Very High Risk
CUST_001261,Enterprise,Education,Professional,99,1867.34,55,-26,1,0.9923922243919201,Very High Risk
CUST_003800,Small Business,Healthcare,Basic,49,192.34,49,0,3,0.9923573640797876,Very High Risk
CUST_004074,Startup,Finance,Professional,99,676.13,66,41,1,0.9923074637509454,Very High Risk
CUST_004026,Small Business,Technologies,Basic,49,937.29,40,66,2,0.9922638759778765,Very High Risk
CUST_000836,Startup,Retail,Business,399,1986.09,75,88,2,0.9922627855444461,Very High Risk
CUST_004732,Small Business,Education,Business,399,4056.92,68,42,2,0.9922589960002608,Very High Risk
CUST_001026,Small Business,Healthcare,Basic,49,382.90000000000003,65,-12,3,0.9922238159005852,Very High Risk
CUST_001163,Small Business,Retail,Enterprise,999,5863.42,42,37,1,0.9921617418351478,Very High Risk
CUST_000208,Mid-Market,Healthcare,Basic,49,905.9300000000001,45,-28,2,0.9921460755795509,Very High Risk
CUST_000593,Enterprise,Finance,Basic,49,883.4,66,65,3,0.9920073970509802,Very High Risk
CUST_003088,Startup,Finance,Basic,49,988.15,21,45,3,0.9919820621424316,Very High Risk
CUST_000952,Mid-Market,Technologies,Basic,49,505.91999999999996,56,-25,3,0.9919782234442093,Very High Risk
CUST_000604,Mid-Market,Technologies,Basic,49,933.38,62,63,3,0.9919374525854123,Very High Risk
CUST_000529,Startup,Technologies,Basic,49,898.89,37,93,1,0.9918685343946168,Very High Risk
CUST_000939,Mid-Market,Education,Professional,99,1658.83,73,13,3,0.9918639388993675,Very High Risk
CUST_001814,Small Business,Technologies,Enterprise,999,8875.44,63,8,2,0.9918265843612025,Very High Risk
CUST_002301,Startup,Healthcare,Basic,49,856.95,0,10,3,0.9917720286234143,Very High Risk
CUST_000330,Mid-Market,Retail,Professional,99,1819.3700000000001,55,40,1,0.9916691377698007,Very High Risk
CUST_003244,Mid-Market,Healthcare,Enterprise,999,14817.15,72,41,1,0.9916208014452873,Very High Risk
CUST_000142,Mid-Market,Real Estate,Basic,49,1080.76,54,46,0,0.9916101512020109,Very High Risk
CUST_002653,Enterprise,Technologies,Basic,49,898.99,63,-41,3,0.9915877713216994,Very High Risk
CUST_003654,Mid-Market,Retail,Basic,49,841.49,51,2,2,0.9915793556296195,Very High Risk
CUST_003784,Startup,Manufacturing,Professional,99,719.41,47,-26,4,0.9914997656643081,Very High Risk
CUST_003535,Mid-Market,Retail,Professional,99,1936.09,53,-25,0,0.9914048337839367,Very High Risk
CUST_000495,Small Business,Education,Business,399,2368.42,54,45,2,0.9913431886695331,Very High Risk
CUST_003753,Mid-Market,Retail,Basic,49,643.93,46,33,1,0.9913179760623693,Very High Risk
CUST_001299,Small Business,Technologies,Business,399,7007.5599999999995,69,-3,1,0.9912775239626554,Very High Risk
CUST_003341,Small Business,Retail,Business,399,7136.8099999999995,14,44,3,0.9912726888902366,Very High Risk
CUST_001537,Small Business,Retail,Enterprise,999,9136.1,79,81,0,0.9912673263863087,Very High Risk
CUST_002230,Small Business,Retail,Professional,99,1518.93,63,-73,2,0.9912406626158485,Very High Risk
CUST_000974,Small Business,Technologies,Basic,49,1089.57,56,33,0,0.9911700682786967,Very High Risk
CUST_003486,Enterprise,Healthcare,Basic,49,357.43,74,-11,2,0.9910853726173734,Very High Risk
CUST_000357,Small Business,Retail,Basic,49,1117.44,25,62,2,0.9910301759452544,Very High Risk
CUST_000680,Small Business,Real Estate,Basic,49,1180.03,41,83,3,0.9909394604548477,Very High Risk
CUST_003582,Small Business,Technologies,Basic,49,1143.24,58,13,3,0.9909340471512711,Very High Risk
CUST_002123,Small Business,Retail,Business,399,8698.59,54,100,0,0.9909261087620309,Very High Risk
CUST_001206,Mid-Market,Manufacturing,Basic,49,979.31,40,8,4,0.9908717561581265,Very High Risk
CUST_001222,Mid-Market,Healthcare,Basic,49,201.47,44,55,0,0.990835545739867,Very High Risk
CUST_001825,Startup,Education,Business,399,3527.04,43,-23,0,0.9907264231886045,Very High Risk
CUST_000416,Mid-Market,Technologies,Basic,49,636.09,65,-27,2,0.9905527270047253,Very High Risk
CUST_002584,Mid-Market,Finance,Basic,49,286.52,44,-13,0,0.9904815444448795,Very High Risk
CUST_003763,Enterprise,Other,Business,399,7440.29,64,48,1,0.9903733786945437,Very High Risk
CUST_004551,Small Business,Finance,Business,399,4789.33,39,15,2,0.9903490780394212,Very High Risk
CUST_001693,Enterprise,Technologies,Professional,99,1662.1100000000001,73,58,3,0.990285432479811,Very High Risk
CUST_003507,Small Business,Real Estate,Basic,49,953.76,68,24,2,0.9902132611847135,Very High Risk
CUST_001367,Small Business,Technologies,Business,399,2066.03,57,14,2,0.9901639164149454,Very High Risk
CUST_000843,Small Business,Real Estate,Basic,49,640.68,62,-8,4,0.9901568475859993,Very High Risk
CUST_001631,Small Business,Technologies,Basic,49,648.67,66,25,1,0.9900706000130733,Very High Risk
CUST_003250,Startup,Technologies,Basic,49,631.24,57,53,3,0.9900206217059933,Very High Risk
CUST_003189,Mid-Market,Finance,Basic,49,472.48,43,-30,1,0.9900108858716524,Very High Risk
CUST_003648,Startup,Healthcare,Business,399,2365.91,58,-29,4,0.990008802086448,Very High Risk
CUST_004754,Mid-Market,Real Estate,Professional,99,1687.1,69,27,4,0.9899570812979497,Very High Risk
CUST_003880,Mid-Market,Real Estate,Professional,99,2254.01,60,25,3,0.989888302903854,Very High Risk
CUST_003951,Small Business,Finance,Professional,99,703.76,48,75,5,0.9898551644584438,Very High Risk
CUST_004319,Small Business,Technologies,Basic,49,353.08,63,87,0,0.9897807555907692,Very High Risk
CUST_002985,Enterprise,Manufacturing,Business,399,9209.59,53,-12,3,0.9897795431374999,Very High Risk
CUST_000524,Small Business,Healthcare,Basic,49,684.04,77,-26,3,0.9897680881635784,Very High Risk
CUST_002444,Enterprise,Technologies,Professional,99,2101.47,57,30,0,0.9897679329478851,Very High Risk
CUST_002601,Startup,Technologies,Business,399,4634.94,38,10,2,0.9897462272555694,Very High Risk
CUST_001849,Startup,Healthcare,Business,399,4631.29,61,60,3,0.9896419225383574,Very High Risk
CUST_002061,Small Business,Healthcare,Basic,49,301.62,43,45,2,0.9895943920977415,Very High Risk
CUST_004239,Small Business,Real Estate,Basic,49,467.59000000000003,38,44,1,0.9894959525659869,Very High Risk
CUST_000100,Mid-Market,Manufacturing,Basic,49,287.19,76,13,1,0.989458818473776,Very High Risk
CUST_000759,Small Business,Technologies,Professional,99,1289.17,53,47,3,0.9894058443749807,Very High Risk
CUST_001768,Small Business,Healthcare,Basic,49,986.49,81,2,2,0.9893845626461273,Very High Risk
CUST_000638,Small Business,Retail,Professional,99,794.03,66,68,4,0.9893541893198653,Very High Risk
CUST_001096,Startup,Finance,Professional,99,503.68,63,10,0,0.9892396423163329,Very High Risk
CUST_000337,Startup,Manufacturing,Professional,99,728.22,44,63,0,0.9891245179764941,Very High Risk
CUST_003510,Small Business,Technologies,Professional,99,1396.87,38,53,2,0.9890738104143564,Very High Risk
CUST_003862,Small Business,Technologies,Basic,49,868.74,53,48,0,0.9890629369558452,Very High Risk
CUST_004945,Small Business,Finance,Basic,49,695.03,78,35,2,0.9890119600566785,Very High Risk
CUST_000457,Startup,Education,Basic,49,737.78,77,8,4,0.9889346276587078,Very High Risk
CUST_003254,Small Business,Healthcare,Basic,49,939.75,58,40,2,0.9887744789383648,Very High Risk
CUST_004117,Small Business,Manufacturing,Basic,49,994.09,64,96,0,0.9887504147441795,Very High Risk
CUST_000182,Startup,Retail,Enterprise,999,6053.62,49,40,3,0.9887461527707408,Very High Risk
CUST_002491,Startup,Manufacturing,Professional,99,2270.23,47,71,4,0.9886877726938451,Very High Risk
CUST_002484,Startup,Technologies,Basic,49,1056.7,40,53,2,0.9886850369340928,Very High Risk
CUST_003945,Small Business,Other,Basic,49,348.26,25,76,1,0.9886005180230888,Very High Risk
CUST_001129,Small Business,Healthcare,Basic,49,901.8199999999999,79,-46,1,0.9885618903182349,Very High Risk
CUST_000321,Small Business,Technologies,Basic,49,509.08,38,51,2,0.9885595106382158,Very High Risk
CUST_000178,Small Business,Real Estate,Professional,99,489.24,61,46,2,0.9882722243611408,Very High Risk
CUST_001772,Mid-Market,Technologies,Basic,49,996.45,38,62,1,0.9881835739967554,Very High Risk
CUST_000771,Mid-Market,Education,Professional,99,2106.15,53,38,3,0.9881818344290495,Very High Risk
CUST_002299,Mid-Market,Technologies,Business,399,7055.93,68,-12,2,0.9881163786458965,Very High Risk
CUST_002920,Mid-Market,Education,Basic,49,631.01,33,15,2,0.9880440061112974,Very High Risk
CUST_003143,Startup,Technologies,Basic,49,1097.29,54,4,0,0.9879956838772181,Very High Risk
CUST_002298,Small Business,Healthcare,Basic,49,596.0699999999999,29,100,0,0.9879410804496837,Very High Risk
CUST_002658,Mid-Market,Education,Enterprise,999,15321.73,63,57,2,0.9878953135536094,Very High Risk
CUST_004668,Small Business,Healthcare,Basic,49,1155.0,46,50,2,0.987886454274824,Very High Risk
CUST_001246,Mid-Market,Retail,Basic,49,704.96,65,-33,1,0.9878474837058405,Very High Risk
CUST_000099,Mid-Market,Finance,Basic,49,1081.32,62,45,2,0.987787585968327,Very High Risk
CUST_003172,Small Business,Real Estate,Basic,49,813.92,52,41,2,0.9877812500378519,Very High Risk
CUST_003424,Small Business,Finance,Basic,49,643.17,54,30,2,0.987758866277258,Very High Risk
CUST_002057,Mid-Market,Technologies,Professional,99,606.12,55,90,2,0.9876889350426279,Very High Risk
CUST_004335,Enterprise,Manufacturing,Basic,49,192.15,20,28,4,0.9876467279735844,Very High Risk
CUST_002144,Small Business,Education,Business,399,6689.58,64,17,5,0.9876267604638959,Very High Risk
CUST_001691,Startup,Other,Business,399,1941.07,57,35,1,0.9875251878230632,Very High Risk
CUST_001950,Startup,Manufacturing,Professional,99,2310.58,25,94,2,0.9873577485723065,Very High Risk
CUST_000947,Mid-Market,Technologies,Business,399,6390.74,73,16,0,0.9873352521533644,Very High Risk
CUST_004959,Mid-Market,Education,Basic,49,529.01,53,-9,3,0.9873106774601141,Very High Risk
CUST_002056,Small Business,Manufacturing,Professional,99,1635.8700000000001,15,48,3,0.9872976247473825,Very High Risk
CUST_004071,Enterprise,Education,Basic,49,935.39,45,49,1,0.9872269753773698,Very High Risk
CUST_003965,Small Business,Healthcare,Basic,49,589.3,38,-6,1,0.9868802743791534,Very High Risk
CUST_003643,Small Business,Technologies,Basic,49,977.26,81,87,3,0.9868781049503196,Very High Risk
CUST_001502,Small Business,Finance,Basic,49,241.67000000000002,63,67,2,0.9868663598528741,Very High Risk
CUST_003701,Startup,Technologies,Business,399,8318.83,47,-44,2,0.9867996358844877,Very High Risk
CUST_001244,Small Business,Manufacturing,Basic,49,434.23,25,-10,2,0.9867593108035652,Very High Risk
CUST_003573,Startup,Retail,Professional,99,2188.18,63,-41,0,0.9867437173027214,Very High Risk
CUST_003454,Mid-Market,Retail,Professional,99,691.37,74,24,1,0.9866449386950833,Very High Risk
CUST_000918,Small Business,Education,Professional,99,911.71,13,60,2,0.9866141499433381,Very High Risk
CUST_003085,Small Business,Other,Business,399,6054.4800000000005,39,47,0,0.986513959489587,Very High Risk
CUST_000813,Small Business,Healthcare,Business,399,4013.29,49,8,1,0.9863794576036519,Very High Risk
CUST_000765,Small Business,Healthcare,Business,399,6127.89,59,67,3,0.986328804310294,Very High Risk
CUST_000626,Small Business,Technologies,Basic,49,973.57,59,26,0,0.9863229191485268,Very High Risk
CUST_002442,Small Business,Technologies,Basic,49,191.75,33,54,1,0.9862980044189509,Very High Risk
CUST_003382,Mid-Market,Retail,Basic,49,899.89,20,55,2,0.9861655596333015,Very High Risk
CUST_004555,Mid-Market,Manufacturing,Basic,49,774.96,34,-21,2,0.9861423082504898,Very High Risk
CUST_000993,Mid-Market,Technologies,Business,399,3655.89,69,-4,0,0.9861267056518487,Very High Risk
CUST_002498,Startup,Real Estate,Professional,99,1123.65,55,76,0,0.9861186739878582,Very High Risk
CUST_002526,Small Business,Finance,Basic,49,427.26,74,2,2,0.9860972771053905,Very High Risk
CUST_004350,Small Business,Education,Professional,99,1789.6200000000001,36,53,3,0.9856357035921013,Very High Risk
CUST_002483,Small Business,Finance,Professional,99,2422.1,48,27,0,0.9854438401067169,Very High Risk
CUST_002728,Small Business,Technologies,Professional,99,1581.11,57,-12,0,0.9854072583729454,Very High Risk
CUST_004478,Small Business,Retail,Basic,49,257.61,29,66,2,0.9853944066699795,Very High Risk
CUST_001258,Startup,Finance,Business,399,7889.27,65,28,1,0.9853686422938676,Very High Risk
CUST_003831,Small Business,Technologies,Basic,49,674.74,63,52,4,0.985350692390672,Very High Risk
CUST_002623,Small Business,Healthcare,Professional,99,2390.76,63,21,3,0.9853176712441674,Very High Risk
CUST_000131,Small Business,Real Estate,Business,399,8007.18,33,22,2,0.9853145721396757,Very High Risk
CUST_001761,Small Business,Healthcare,Business,399,8820.21,85,36,3,0.9853106459140116,Very High Risk
CUST_001808,Mid-Market,Finance,Business,399,3287.26,55,8,0,0.9851935445555041,Very High Risk
CUST_004155,Small Business,Finance,Basic,49,539.9,26,99,6,0.9849897146166178,Very High Risk
CUST_001832,Enterprise,Finance,Enterprise,999,5837.53,57,-31,2,0.9849816420373404,Very High Risk
CUST_000232,Small Business,Education,Basic,49,1078.49,76,9,2,0.9849723319708973,Very High Risk
CUST_001917,Small Business,Healthcare,Business,399,8181.77,29,70,0,0.9849556580390149,Very High Risk
CUST_001284,Startup,Education,Enterprise,999,10096.380000000001,51,-32,0,0.9849194850287251,Very High Risk
CUST_002410,Mid-Market,Real Estate,Business,399,2879.46,66,95,0,0.9848617651095517,Very High Risk
CUST_004298,Mid-Market,Other,Enterprise,999,4906.06,42,-1,0,0.98484593987959,Very High Risk
CUST_000090,Enterprise,Finance,Basic,49,356.13,37,60,0,0.9847241108735096,Very High Risk
CUST_000950,Small Business,Technologies,Basic,49,939.84,58,16,1,0.9846094634196753,Very High Risk
CUST_003981,Mid-Market,Finance,Basic,49,387.46,67,64,2,0.9844196019100551,Very High Risk
CUST_004652,Startup,Retail,Enterprise,999,20145.32,60,5,4,0.9844013186923826,Very High Risk
CUST_001979,Small Business,Technologies,Professional,99,796.42,26,-8,4,0.9843756814275598,Very High Risk
CUST_004386,Small Business,Other,Business,399,5310.8099999999995,66,45,3,0.9843241107862994,Very High Risk
CUST_002288,Mid-Market,Finance,Professional,99,1726.05,63,100,3,0.9843180189641467,Very High Risk
CUST_001272,Small Business,Retail,Professional,99,1766.75,38,80,0,0.9842899762554016,Very High Risk
CUST_002059,Startup,Retail,Professional,99,2475.39,50,-18,0,0.9841580107362333,Very High Risk
CUST_003270,Mid-Market,Healthcare,Basic,49,425.28999999999996,30,-8,1,0.9841534024572262,Very High Risk
CUST_000003,Small Business,Retail,Professional,99,2305.73,52,7,1,0.9840931722106037,Very High Risk
CUST_000672,Enterprise,Technologies,Business,399,3898.61,61,44,1,0.9836808271552314,Very High Risk
CUST_003603,Startup,Retail,Basic,49,283.75,38,100,2,0.9834971183678518,Very High Risk
CUST_004329,Small Business,Education,Basic,49,828.12,37,100,3,0.9834243175975415,Very High Risk
CUST_004156,Mid-Market,Technologies,Basic,49,535.88,44,-90,2,0.9832963521714052,Very High Risk
CUST_001393,Mid-Market,Manufacturing,Professional,99,2386.57,15,59,4,0.983231994121684,Very High Risk
CUST_003887,Enterprise,Finance,Professional,99,1780.17,60,49,5,0.9830378570919092,Very High Risk
CUST_000954,Small Business,Healthcare,Basic,49,243.73000000000002,69,50,2,0.9829684397758806,Very High Risk
CUST_004846,Startup,Finance,Basic,49,392.58,82,31,3,0.9828389791402556,Very High Risk
CUST_004473,Startup,Education,Professional,99,2135.37,37,31,2,0.9827841355512064,Very High Risk
CUST_003869,Enterprise,Manufacturing,Professional,99,611.88,70,42,0,0.9827311536101907,Very High Risk
CUST_002018,Small Business,Manufacturing,Business,399,6088.56,45,-57,4,0.9825747825221527,Very High Risk
CUST_001404,Mid-Market,Technologies,Business,399,3254.98,27,10,4,0.9824804751256415,Very High Risk
CUST_003720,Mid-Market,Healthcare,Professional,99,601.04,69,31,4,0.9824729074927124,Very High Risk
CUST_001282,Enterprise,Finance,Basic,49,744.2,77,85,3,0.9823540980730832,Very High Risk
CUST_002380,Startup,Technologies,Basic,49,593.64,79,37,5,0.982313874237995,Very High Risk
CUST_004088,Startup,Finance,Professional,99,2033.3600000000001,25,-17,3,0.9823035392398425,Very High Risk
CUST_001094,Startup,Technologies,Business,399,6405.28,34,72,5,0.9822754122989932,Very High Risk
CUST_000176,Mid-Market,Technologies,Professional,99,594.76,33,70,5,0.982208595529665,Very High Risk
CUST_001205,Mid-Market,Healthcare,Basic,49,801.31,35,-53,1,0.9818729565496208,Very High Risk
CUST_000129,Small Business,Technologies,Basic,49,1144.54,23,4,3,0.9815214302892749,Very High Risk
CUST_003149,Small Business,Real Estate,Professional,99,688.43,29,0,1,0.9813953153277519,Very High Risk
CUST_002924,Mid-Market,Technologies,Basic,49,1027.6100000000001,33,100,1,0.9812019529253159,Very High Risk
CUST_002518,Mid-Market,Healthcare,Business,399,8894.87,77,100,1,0.9811975142022454,Very High Risk
CUST_004093,Mid-Market,Manufacturing,Basic,49,246.68,64,94,0,0.9811792051374301,Very High Risk
CUST_000013,Startup,Technologies,Enterprise,999,5075.71,63,-20,1,0.9810964012728043,Very High Risk
CUST_004927,Small Business,Technologies,Enterprise,999,14868.47,33,-55,2,0.980750085394808,Very High Risk
CUST_002255,Enterprise,Real Estate,Basic,49,497.87,55,4,3,0.9805815795897456,Very High Risk
CUST_000389,Small Business,Technologies,Business,399,1631.16,35,44,3,0.980554426382219,Very High Risk
CUST_004536,Small Business,Real Estate,Business,399,4734.83,78,1,4,0.9805491233421452,Very High Risk
CUST_001914,Mid-Market,Retail,Basic,49,236.02,53,22,4,0.9803823111235715,Very High Risk
CUST_003350,Startup,Finance,Professional,99,1714.47,24,-13,1,0.9802813889180746,Very High Risk
CUST_002119,Small Business,Real Estate,Basic,49,945.1,37,35,4,0.980277001436029,Very High Risk
CUST_002843,Startup,Finance,Basic,49,256.08,62,100,1,0.9802024202020848,Very High Risk
CUST_000152,Startup,Technologies,Basic,49,1126.8799999999999,30,17,0,0.9800647812739546,Very High Risk
CUST_003788,Startup,Healthcare,Business,399,8603.14,39,8,1,0.9798918448409003,Very High Risk
CUST_001727,Startup,Technologies,Professional,99,1824.06,42,37,1,0.9798836806957933,Very High Risk
CUST_003207,Mid-Market,Technologies,Enterprise,999,6997.26,55,29,4,0.9798042318679953,Very High Risk
CUST_003006,Mid-Market,Retail,Basic,49,645.11,64,56,4,0.9797751730629399,Very High Risk
CUST_002817,Startup,Retail,Basic,49,572.44,83,23,2,0.9797639553034395,Very High Risk
CUST_002580,Startup,Other,Basic,49,1182.7,67,-6,2,0.9796701165661916,Very High Risk
CUST_001332,Mid-Market,Finance,Professional,99,2146.72,72,87,1,0.9796662168223625,Very High Risk
CUST_004913,Small Business,Technologies,Basic,49,1101.81,28,44,6,0.9795878284334595,Very High Risk
CUST_004314,Small Business,Retail,Professional,99,1939.45,39,0,2,0.9795518960244821,Very High Risk
CUST_003904,Mid-Market,Finance,Business,399,9400.87,46,39,1,0.9795023618381736,Very High Risk
CUST_003054,Startup,Retail,Basic,49,980.15,52,0,0,0.9794466023939491,Very High Risk
CUST_001927,Mid-Market,Finance,Professional,99,1512.98,36,41,2,0.9793625963044856,Very High Risk
CUST_004251,Small Business,Technologies,Enterprise,999,17223.19,61,52,0,0.9791907540344397,Very High Risk
CUST_000776,Startup,Healthcare,Professional,99,996.48,42,21,2,0.9791874531599626,Very High Risk
CUST_003545,Mid-Market,Healthcare,Basic,49,397.18,43,40,3,0.979096569028613,Very High Risk
CUST_002031,Startup,Education,Basic,49,394.65999999999997,75,-94,1,0.9790298521131392,Very High Risk
CUST_002395,Startup,Finance,Professional,99,1624.73,29,-24,1,0.9789295829040023,Very High Risk
CUST_001465,Mid-Market,Other,Basic,49,1198.22,66,-43,2,0.9786511685646329,Very High Risk
CUST_002831,Startup,Healthcare,Business,399,1657.08,38,-3,3,0.978509120142531,Very High Risk
CUST_004510,Mid-Market,Retail,Professional,99,643.21,80,-8,1,0.9784975087165501,Very High Risk
CUST_003464,Small Business,Technologies,Basic,49,197.91,52,-8,1,0.9784012603474715,Very High Risk
CUST_002321,Small Business,Finance,Enterprise,999,11556.66,47,39,2,0.9783980359668406,Very High Risk
CUST_002215,Mid-Market,Technologies,Basic,49,1000.84,72,100,3,0.9782115144855764,Very High Risk
CUST_004095,Small Business,Technologies,Professional,99,385.28999999999996,66,39,2,0.9781408684701747,Very High Risk
CUST_001229,Startup,Finance,Basic,49,1034.69,67,24,1,0.9778092725631984,Very High Risk
CUST_001237,Small Business,Healthcare,Business,399,8001.02,82,10,1,0.9777834777606756,Very High Risk
CUST_001499,Mid-Market,Retail,Enterprise,999,17073.74,34,96,3,0.9776599569880422,Very High Risk
CUST_002932,Enterprise,Technologies,Professional,99,1826.83,68,24,1,0.9773395855140882,Very High Risk
CUST_003525,Startup,Manufacturing,Basic,49,344.42,50,-6,3,0.9773107258645881,Very High Risk
CUST_002017,Small Business,Technologies,Business,399,9141.92,85,64,1,0.9772387189577213,Very High Risk
CUST_004870,Small Business,Healthcare,Business,399,9787.39,57,25,3,0.9771637208503967,Very High Risk
CUST_003543,Startup,Education,Basic,49,1075.81,53,18,6,0.9771595689286953,Very High Risk
CUST_001780,Mid-Market,Manufacturing,Professional,99,580.9,26,78,3,0.9764996682913982,Very High Risk
CUST_000235,Enterprise,Manufacturing,Business,399,8593.16,61,5,0,0.9764870957671967,Very High Risk
CUST_001684,Mid-Market,Technologies,Basic,49,1114.95,27,-8,5,0.9764097113824967,Very High Risk
CUST_001224,Small Business,Manufacturing,Professional,99,782.96,81,-49,2,0.9763505811262573,Very High Risk
CUST_001681,Small Business,Retail,Basic,49,382.15999999999997,68,34,0,0.9760141550763691,Very High Risk
CUST_003470,Small Business,Retail,Business,399,9681.25,53,-32,4,0.975880931648295,Very High Risk
CUST_001423,Startup,Retail,Professional,99,1402.29,53,30,3,0.975795472445324,Very High Risk
CUST_002522,Small Business,Real Estate,Basic,49,463.62,55,30,3,0.9756946248807514,Very High Risk
CUST_003656,Small Business,Finance,Basic,49,1049.53,87,29,4,0.9756778328078556,Very High Risk
CUST_001996,Mid-Market,Healthcare,Enterprise,999,21057.65,87,16,0,0.975664026825666,Very High Risk
CUST_000293,Small Business,Finance,Professional,99,1287.35,87,-14,0,0.975646207774666,Very High Risk
CUST_000355,Small Business,Other,Professional,99,1128.54,38,11,2,0.9755885325983571,Very High Risk
CUST_004636,Mid-Market,Finance,Business,399,4710.64,30,9,0,0.9749262464644423,Very High Risk
CUST_000504,Small Business,Technologies,Business,399,1551.97,51,60,1,0.9748177036542117,Very High Risk
CUST_002150,Enterprise,Technologies,Basic,49,1134.29,28,53,4,0.9747520394950341,Very High Risk
CUST_002879,Small Business,Technologies,Enterprise,999,6907.13,47,-20,4,0.9745280478162366,Very High Risk
CUST_000487,Mid-Market,Finance,Business,399,1530.0900000000001,54,-11,0,0.9744074431385847,Very High Risk
CUST_004160,Startup,Education,Basic,49,934.59,59,-5,0,0.9742818966649824,Very High Risk
CUST_002855,Small Business,Finance,Business,399,2364.23,33,-11,0,0.9742559012037247,Very High Risk
CUST_004980,Startup,Finance,Basic,49,242.05,69,24,6,0.9742442881452716,Very High Risk
CUST_003493,Enterprise,Other,Business,399,8037.57,84,24,1,0.9741714066146853,Very High Risk
CUST_000158,Small Business,Healthcare,Basic,49,1089.6100000000001,76,34,2,0.9741704103844002,Very High Risk
CUST_000536,Small Business,Finance,Professional,99,665.63,45,38,1,0.974037474457914,Very High Risk
CUST_003434,Enterprise,Healthcare,Professional,99,1774.39,41,8,1,0.9739007612917524,Very High Risk
CUST_001088,Startup,Healthcare,Business,399,2429.15,68,56,5,0.97381070220477,Very High Risk
CUST_003503,Small Business,Retail,Business,399,4550.94,15,-22,0,0.9737595879539788,Very High Risk
CUST_000264,Small Business,Finance,Enterprise,999,4841.389999999999,75,54,3,0.9737028721661036,Very High Risk
CUST_003821,Enterprise,Technologies,Professional,99,1590.08,79,5,1,0.9736722640055467,Very High Risk
CUST_002745,Startup,Retail,Enterprise,999,11382.55,57,6,2,0.9736339976875001,Very High Risk
CUST_003780,Small Business,Education,Professional,99,1622.01,100,19,2,0.9735309696412312,Very High Risk
CUST_004674,Startup,Education,Basic,49,992.77,44,21,1,0.973101159012931,Very High Risk
CUST_000138,Mid-Market,Technologies,Business,399,2046.22,67,-27,0,0.9730302620147223,Very High Risk
CUST_002135,Enterprise,Finance,Business,399,1969.63,26,16,2,0.9728897647524468,Very High Risk
CUST_003737,Mid-Market,Manufacturing,Professional,99,1528.93,66,100,7,0.9726829814049277,Very High Risk
CUST_003128,Startup,Healthcare,Enterprise,999,9529.369999999999,67,-55,3,0.9726066671688011,Very High Risk
CUST_000069,Small Business,Finance,Enterprise,999,18134.98,28,27,0,0.9725792009693877,Very High Risk
CUST_000644,Small Business,Education,Enterprise,999,15868.2,57,40,1,0.9725775766308286,Very High Risk
CUST_001274,Mid-Market,Education,Business,399,3357.89,81,56,3,0.9724318087314507,Very High Risk
CUST_003309,Small Business,Retail,Basic,49,1199.77,27,-10,3,0.9723912422385875,Very High Risk
CUST_001007,Startup,Retail,Enterprise,999,7225.31,50,-2,3,0.9719660713673741,Very High Risk
CUST_001646,Small Business,Technologies,Business,399,4561.93,32,77,1,0.9718449624983873,Very High Risk
CUST_001355,Mid-Market,Technologies,Enterprise,999,4926.7699999999995,58,-6,3,0.9716650558650958,Very High Risk
CUST_000508,Small Business,Healthcare,Basic,49,305.53,60,64,0,0.9716150809704309,Very High Risk
CUST_000545,Small Business,Finance,Basic,49,205.6,23,32,3,0.9715645532844722,Very High Risk
CUST_003406,Startup,Healthcare,Professional,99,824.4300000000001,37,31,0,0.9714685129964222,Very High Risk
CUST_000730,Enterprise,Retail,Business,399,8861.9,59,-7,2,0.9714520871215483,Very High Risk
CUST_004417,Enterprise,Technologies,Business,399,4740.58,91,89,2,0.9712668002642514,Very High Risk
CUST_002816,Small Business,Retail,Business,399,8939.31,54,53,3,0.9709869169251779,Very High Risk
CUST_001859,Mid-Market,Retail,Basic,49,207.95,75,40,0,0.9708865269275667,Very High Risk
CUST_001611,Mid-Market,Technologies,Business,399,1773.2199999999998,64,58,5,0.9705349538201078,Very High Risk
CUST_000778,Small Business,Manufacturing,Basic,49,595.17,53,16,0,0.9703472213490747,Very High Risk
CUST_003953,Small Business,Manufacturing,Business,399,9689.59,73,42,3,0.9701729986015469,Very High Risk
CUST_004549,Small Business,Healthcare,Basic,49,835.5,44,-46,1,0.9701333280897994,Very High Risk
CUST_004819,Startup,Healthcare,Professional,99,2474.25,27,56,0,0.9700887302583244,Very High Risk
CUST_003967,Small Business,Healthcare,Professional,99,1668.42,90,95,4,0.9699779437469397,Very High Risk
CUST_004340,Startup,Education,Professional,99,922.34,82,34,0,0.9698809150710835,Very High Risk
CUST_004883,Startup,Technologies,Basic,49,232.92,58,44,3,0.9697641500574311,Very High Risk
CUST_001279,Small Business,Retail,Basic,49,296.92,65,-21,2,0.9695606830853886,Very High Risk
CUST_001981,Mid-Market,Manufacturing,Professional,99,2357.48,75,38,2,0.9694164231969273,Very High Risk
CUST_001610,Startup,Other,Business,399,6009.51,85,83,3,0.9693021916955502,Very High Risk
CUST_003391,Startup,Technologies,Basic,49,306.32,77,-57,2,0.9692686010433472,Very High Risk
CUST_003236,Small Business,Manufacturing,Basic,49,590.45,58,8,0,0.9692527373226169,Very High Risk
CUST_003660,Small Business,Finance,Professional,99,700.6800000000001,39,25,4,0.969236438037408,Very High Risk
CUST_004500,Enterprise,Healthcare,Professional,99,981.1800000000001,61,-47,3,0.9690990440133908,Very High Risk
CUST_004657,Mid-Market,Technologies,Basic,49,1219.35,66,30,1,0.9689140810996926,Very High Risk
CUST_004012,Enterprise,Technologies,Basic,49,861.96,85,-32,1,0.9687638762133102,Very High Risk
CUST_000575,Startup,Finance,Professional,99,1870.6299999999999,36,41,5,0.968621099932554,Very High Risk
CUST_004305,Small Business,Education,Business,399,1560.46,84,8,0,0.9683271463192945,Very High Risk
CUST_004041,Mid-Market,Education,Enterprise,999,20872.74,47,60,1,0.9682227366667422,Very High Risk
CUST_000710,Enterprise,Technologies,Business,399,8488.13,35,-52,1,0.9681564856069049,Very High Risk
CUST_002327,Mid-Market,Healthcare,Enterprise,999,17166.71,81,65,4,0.9680026476937326,Very High Risk
CUST_004998,Small Business,Technologies,Basic,49,1192.8600000000001,71,-14,1,0.9679636961313511,Very High Risk
CUST_004940,Small Business,Manufacturing,Basic,49,290.97,46,-25,0,0.9677678851294992,Very High Risk
CUST_002348,Startup,Education,Basic,49,1066.35,67,47,1,0.9674345559689266,Very High Risk
CUST_004351,Small Business,Retail,Basic,49,1116.58,82,-12,2,0.9673860570712476,Very High Risk
CUST_000151,Mid-Market,Technologies,Professional,99,528.6800000000001,6,-2,6,0.967068542512659,Very High Risk
CUST_004599,Small Business,Healthcare,Enterprise,999,14779.81,70,-14,3,0.9670614647852949,Very High Risk
CUST_001647,Small Business,Retail,Basic,49,744.81,62,54,2,0.9670347890193173,Very High Risk
CUST_004477,Startup,Finance,Basic,49,544.21,48,84,3,0.9667000329349611,Very High Risk
CUST_000499,Startup,Real Estate,Basic,49,311.08,54,32,2,0.9664121834488952,Very High Risk
CUST_003234,Enterprise,Education,Business,399,4025.37,43,10,1,0.9663322893632865,Very High Risk
CUST_002139,Enterprise,Healthcare,Basic,49,431.6,47,24,1,0.9663291386939318,Very High Risk
CUST_004091,Startup,Other,Enterprise,999,18050.579999999998,31,-44,2,0.9660925529537764,Very High Risk
CUST_002558,Enterprise,Retail,Basic,49,692.57,51,55,3,0.9659657898661639,Very High Risk
CUST_004343,Mid-Market,Finance,Basic,49,220.07999999999998,52,68,1,0.965712634363065,Very High Risk
CUST_004987,Startup,Finance,Business,399,2899.39,70,51,1,0.9647740298196601,Very High Risk
CUST_003907,Startup,Manufacturing,Business,399,4174.56,94,-32,1,0.9646100488968963,Very High Risk
CUST_001066,Mid-Market,Education,Basic,49,303.9,78,23,1,0.9642771439094646,Very High Risk
CUST_001215,Small Business,Technologies,Basic,49,464.91999999999996,75,70,2,0.9642435635380865,Very High Risk
CUST_004301,Startup,Technologies,Enterprise,999,15150.27,42,44,1,0.96421300440706,Very High Risk
CUST_002486,Mid-Market,Manufacturing,Basic,49,619.9399999999999,27,68,0,0.9639555712482756,Very High Risk
CUST_004460,Enterprise,Technologies,Professional,99,1717.3899999999999,65,-43,1,0.9639363429175731,Very High Risk
CUST_003911,Small Business,Other,Enterprise,999,6914.780000000001,86,47,5,0.9638025096444838,Very High Risk
CUST_000800,Startup,Real Estate,Basic,49,670.81,52,-38,0,0.9637389728712127,Very High Risk
CUST_001865,Startup,Finance,Basic,49,207.92,49,-14,1,0.9634945659602895,Very High Risk
CUST_000602,Enterprise,Real Estate,Basic,49,199.29,35,38,2,0.9633774831372323,Very High Risk
CUST_001685,Startup,Finance,Professional,99,2125.09,94,30,1,0.9633564424267752,Very High Risk
CUST_003616,Mid-Market,Finance,Business,399,1664.61,89,46,0,0.9628027209142789,Very High Risk
CUST_003072,Mid-Market,Manufacturing,Enterprise,999,22010.8,91,52,0,0.9624987597016406,Very High Risk
CUST_002947,Enterprise,Other,Business,399,3661.21,83,18,4,0.962357547187509,Very High Risk
CUST_000959,Mid-Market,Technologies,Enterprise,999,18352.87,39,-13,3,0.9621291528785618,Very High Risk
CUST_000652,Enterprise,Technologies,Enterprise,999,8297.94,41,-17,1,0.9617445765539597,Very High Risk
CUST_001204,Mid-Market,Retail,Professional,99,1095.78,25,-32,1,0.9615398600721258,Very High Risk
CUST_002894,Startup,Manufacturing,Basic,49,587.42,61,-54,1,0.961395220150812,Very High Risk
CUST_002786,Mid-Market,Retail,Business,399,2014.78,79,53,3,0.9606183902670231,Very High Risk
CUST_004822,Startup,Technologies,Business,399,2774.07,29,59,3,0.9603828668811706,Very High Risk
CUST_004492,Mid-Market,Real Estate,Basic,49,952.1700000000001,86,85,7,0.9602648992674874,Very High Risk
CUST_001470,Mid-Market,Other,Professional,99,372.39,75,62,4,0.9601526230940636,Very High Risk
CUST_002165,Enterprise,Retail,Basic,49,1200.13,81,61,2,0.96013188229516,Very High Risk
CUST_002703,Startup,Retail,Basic,49,1152.69,78,-36,3,0.9600105209473085,Very High Risk
CUST_000433,Mid-Market,Retail,Basic,49,964.24,93,60,2,0.9598100372116279,Very High Risk
CUST_001882,Enterprise,Real Estate,Enterprise,999,17024.44,69,58,3,0.9596064614217015,Very High Risk
CUST_002557,Startup,Other,Business,399,3734.55,54,70,1,0.9594165416172662,Very High Risk
CUST_002264,Small Business,Retail,Basic,49,550.14,43,66,4,0.9593888660961367,Very High Risk
CUST_003324,Mid-Market,Retail,Business,399,3705.6,51,4,2,0.9592676281489623,Very High Risk
CUST_001652,Startup,Manufacturing,Business,399,4212.18,52,25,3,0.9591751921967542,Very High Risk
CUST_000201,Startup,Finance,Basic,49,859.04,76,54,2,0.9580974798298852,Very High Risk
CUST_004368,Mid-Market,Finance,Basic,49,1167.96,64,-9,1,0.9579211327646867,Very High Risk
CUST_001126,Small Business,Manufacturing,Enterprise,999,13667.99,57,73,3,0.9578047350577183,Very High Risk
CUST_004826,Startup,Retail,Basic,49,290.22,84,45,4,0.9577273546135902,Very High Risk
CUST_003617,Small Business,Healthcare,Professional,99,1871.43,100,66,1,0.9575121938830118,Very High Risk
CUST_003160,Mid-Market,Real Estate,Business,399,6830.26,100,84,3,0.9572766411684583,Very High Risk
CUST_000029,Enterprise,Technologies,Enterprise,999,12266.59,45,-4,6,0.956857515835393,Very High Risk
CUST_003820,Startup,Manufacturing,Professional,99,1178.6200000000001,26,-15,2,0.9566737251078224,Very High Risk
CUST_000818,Mid-Market,Real Estate,Basic,49,671.41,48,-8,5,0.956251062296024,Very High Risk
CUST_004979,Small Business,Retail,Business,399,6341.13,37,48,4,0.9561921486935406,Very High Risk
CUST_002050,Small Business,Other,Enterprise,999,7257.0599999999995,65,75,3,0.9560480701099182,Very High Risk
CUST_001717,Mid-Market,Other,Basic,49,392.93,78,12,1,0.9557580133714119,Very High Risk
CUST_001001,Mid-Market,Healthcare,Professional,99,1223.14,55,26,3,0.9556995955424503,Very High Risk
CUST_000589,Startup,Education,Basic,49,855.5,86,13,4,0.9551103799020307,Very High Risk
CUST_000530,Mid-Market,Technologies,Enterprise,999,16302.42,30,-67,3,0.9550882972661724,Very High Risk
CUST_001675,Enterprise,Finance,Business,399,1544.96,91,-32,1,0.9548169001028703,Very High Risk
CUST_000430,Small Business,Finance,Enterprise,999,10709.97,64,56,2,0.9548103708881829,Very High Risk
CUST_000254,Small Business,Education,Professional,99,982.99,41,-36,2,0.9547209702864693,Very High Risk
CUST_002531,Startup,Other,Basic,49,294.37,55,24,5,0.9546343396159946,Very High Risk
CUST_002697,Mid-Market,Education,Professional,99,1545.02,53,54,1,0.9540936649032358,Very High Risk
CUST_004787,Mid-Market,Finance,Professional,99,1191.94,63,-16,1,0.9538506316695659,Very High Risk
CUST_003694,Mid-Market,Finance,Business,399,9722.17,84,0,2,0.9537442091398128,Very High Risk
CUST_000752,Mid-Market,Technologies,Business,399,1589.31,82,100,5,0.9536192173895954,Very High Risk
CUST_003061,Small Business,Manufacturing,Enterprise,999,23084.94,30,100,0,0.9534731080235589,Very High Risk
CUST_000368,Enterprise,Technologies,Basic,49,1072.08,100,57,4,0.953313975199016,Very High Risk
CUST_002676,Small Business,Technologies,Enterprise,999,15398.58,62,14,7,0.9530532568327953,Very High Risk
CUST_002999,Enterprise,Healthcare,Professional,99,1007.76,56,32,1,0.9529867265570772,Very High Risk
CUST_002105,Mid-Market,Real Estate,Basic,49,837.09,43,100,3,0.9523042372702762,Very High Risk
CUST_003448,Small Business,Finance,Professional,99,587.63,88,47,5,0.9515197697741222,Very High Risk
CUST_004643,Startup,Technologies,Basic,49,840.38,39,65,3,0.9509512054926675,Very High Risk
CUST_000509,Small Business,Finance,Basic,49,753.14,65,-42,4,0.9503397179812311,Very High Risk
CUST_002078,Small Business,Other,Basic,49,241.07,57,66,2,0.9501830384981005,Very High Risk
CUST_002359,Mid-Market,Finance,Enterprise,999,15224.01,31,73,1,0.9500342158952096,Very High Risk
CUST_003082,Mid-Market,Healthcare,Basic,49,610.61,41,35,3,0.9499687551273881,Very High Risk
CUST_002549,Mid-Market,Education,Business,399,6214.68,57,50,1,0.9498465712597229,Very High Risk
CUST_000890,Small Business,Retail,Professional,99,1023.61,19,23,2,0.9495603509221542,Very High Risk
CUST_002710,Startup,Technologies,Business,399,9633.09,65,46,0,0.9495064167347868,Very High Risk
CUST_001386,Startup,Finance,Professional,99,695.63,40,54,4,0.9493641498570188,Very High Risk
CUST_004278,Startup,Education,Basic,49,466.71,81,-14,4,0.9473614572449768,Very High Risk
CUST_003414,Enterprise,Technologies,Basic,49,641.53,68,82,2,0.9472621445377635,Very High Risk
CUST_001534,Mid-Market,Healthcare,Basic,49,345.85,61,-19,3,0.9472156134692535,Very High Risk
CUST_001139,Mid-Market,Manufacturing,Professional,99,2435.27,63,76,2,0.946944582017744,Very High Risk
CUST_000740,Mid-Market,Technologies,Professional,99,513.69,81,100,1,0.9468617035509621,Very High Risk
CUST_004180,Mid-Market,Finance,Basic,49,337.53,37,-100,1,0.9467721158226694,Very High Risk
CUST_001894,Startup,Real Estate,Business,399,6554.43,41,30,0,0.9459204113388323,Very High Risk
CUST_004733,Mid-Market,Healthcare,Basic,49,720.42,62,-19,5,0.945793691897382,Very High Risk
CUST_003235,Mid-Market,Technologies,Basic,49,1217.91,88,13,2,0.9454784732136087,Very High Risk
CUST_001045,Startup,Technologies,Enterprise,999,5859.93,76,30,5,0.9450817604331676,Very High Risk
CUST_001514,Startup,Technologies,Professional,99,1685.76,28,14,1,0.9449895199654237,Very High Risk
CUST_000073,Small Business,Healthcare,Enterprise,999,4765.79,60,22,2,0.944966573982102,Very High Risk
CUST_000758,Mid-Market,Technologies,Professional,99,681.59,40,27,0,0.9440731910542677,Very High Risk
CUST_002488,Mid-Market,Healthcare,Enterprise,999,8964.95,42,63,3,0.9439492064682008,Very High Risk
CUST_003490,Mid-Market,Retail,Basic,49,844.41,100,39,4,0.9438853746719269,Very High Risk
CUST_001343,Startup,Technologies,Professional,99,598.84,44,21,2,0.9435804536998862,Very High Risk
CUST_003204,Small Business,Real Estate,Business,399,4240.85,62,-17,2,0.9434251301318806,Very High Risk
CUST_001239,Mid-Market,Education,Business,399,6352.47,75,5,1,0.9428162512486289,Very High Risk
CUST_000807,Enterprise,Education,Business,399,4976.99,71,45,3,0.9427483134651014,Very High Risk
CUST_003726,Small Business,Healthcare,Professional,99,793.78,16,5,3,0.9424402439603674,Very High Risk
CUST_001194,Mid-Market,Technologies,Basic,49,239.86,46,100,1,0.9424189854043635,Very High Risk
CUST_002228,Mid-Market,Technologies,Enterprise,999,12300.69,37,28,1,0.9416236392338686,Very High Risk
CUST_004212,Enterprise,Retail,Basic,49,192.6,42,68,3,0.9399542476552506,Very High Risk
CUST_004944,Small Business,Retail,Enterprise,999,24012.93,42,4,3,0.9389655939665345,Very High Risk
CUST_002206,Startup,Retail,Enterprise,999,21494.42,72,51,2,0.9388368697890885,Very High Risk
CUST_002025,Startup,Technologies,Professional,99,1663.43,80,81,3,0.938597458881447,Very High Risk
CUST_003188,Startup,Finance,Business,399,4081.13,33,97,2,0.9383740284498542,Very High Risk
CUST_003294,Mid-Market,Technologies,Professional,99,398.07,92,41,2,0.9383562990254554,Very High Risk
CUST_004493,Small Business,Healthcare,Business,399,1960.58,43,28,5,0.9381664508955523,Very High Risk
CUST_001422,Startup,Technologies,Business,399,1627.62,72,13,1,0.9374619655096511,Very High Risk
CUST_004072,Startup,Other,Basic,49,661.92,22,-41,1,0.937461381785792,Very High Risk
CUST_001430,Mid-Market,Technologies,Business,399,2655.62,63,18,1,0.9373264585871783,Very High Risk
CUST_003026,Startup,Technologies,Business,399,6799.89,64,35,0,0.9372410485271885,Very High Risk
CUST_002567,Startup,Real Estate,Enterprise,999,11177.35,59,-4,3,0.9367822649469343,Very High Risk
CUST_002005,Startup,Healthcare,Professional,99,1360.71,44,22,2,0.9367597334030675,Very High Risk
CUST_003472,Mid-Market,Technologies,Business,399,9776.82,22,23,1,0.9359199939354731,Very High Risk
CUST_003548,Startup,Technologies,Professional,99,414.75,78,3,2,0.9357619378494119,Very High Risk
CUST_001403,Small Business,Finance,Basic,49,1168.92,96,-30,2,0.9356877431088853,Very High Risk
CUST_004360,Small Business,Education,Professional,99,407.81,66,69,2,0.933416024698489,Very High Risk
CUST_001545,Enterprise,Manufacturing,Basic,49,1169.07,57,53,2,0.9332032524203682,Very High Risk
CUST_002976,Enterprise,Finance,Enterprise,999,10184.38,76,78,2,0.9326260638554932,Very High Risk
CUST_001489,Small Business,Healthcare,Basic,49,238.65,100,-31,0,0.932183428037752,Very High Risk
CUST_003655,Startup,Education,Business,399,8168.24,54,67,2,0.9318855961208488,Very High Risk
CUST_004985,Mid-Market,Healthcare,Basic,49,650.94,20,0,0,0.9312639870901954,Very High Risk
CUST_001540,Startup,Healthcare,Business,399,8348.24,65,39,2,0.9310924770134215,Very High Risk
CUST_001377,Startup,Finance,Professional,99,1321.0,65,55,2,0.9307388609189196,Very High Risk
CUST_002811,Small Business,Healthcare,Enterprise,999,10911.16,62,21,3,0.9292367583041303,Very High Risk
CUST_003929,Small Business,Healthcare,Enterprise,999,12318.27,53,26,2,0.9288098809212397,Very High Risk
CUST_001790,Startup,Finance,Professional,99,1811.59,97,-24,1,0.9286078808547572,Very High Risk
CUST_000857,Mid-Market,Technologies,Business,399,1681.28,50,0,2,0.9275041183653563,Very High Risk
CUST_001297,Enterprise,Manufacturing,Business,399,3212.45,56,-3,0,0.9271638053582175,Very High Risk
CUST_003816,Small Business,Retail,Business,399,5525.43,66,32,1,0.9249320773780687,Very High Risk
CUST_003154,Mid-Market,Technologies,Business,399,1962.25,64,-30,1,0.9240327250567555,Very High Risk
CUST_002409,Small Business,Real Estate,Basic,49,913.79,39,-94,1,0.9231896282069735,Very High Risk
CUST_000554,Startup,Real Estate,Business,399,5457.12,55,100,3,0.9228915240465354,Very High Risk
CUST_003848,Startup,Real Estate,Professional,99,396.75,56,32,2,0.9153076150043588,Very High Risk
CUST_000713,Startup,Finance,Business,399,4001.19,66,99,4,0.914697409330561,Very High Risk
CUST_002545,Enterprise,Technologies,Professional,99,1163.3,22,100,2,0.9145819459128909,Very High Risk
CUST_003108,Mid-Market,Manufacturing,Professional,99,1928.46,52,41,0,0.9129400798158421,Very High Risk
CUST_002420,Small Business,Finance,Professional,99,1223.95,38,85,7,0.9116458310217613,Very High Risk
CUST_002685,Small Business,Retail,Enterprise,999,9923.97,86,-55,0,0.9097731448547667,Very High Risk
CUST_001046,Enterprise,Finance,Professional,99,862.98,62,13,2,0.9096436828747686,Very High Risk
CUST_004768,Small Business,Healthcare,Business,399,7903.35,81,87,4,0.9084428840635168,Very High Risk
CUST_000248,Small Business,Finance,Basic,49,1075.37,52,27,2,0.9080417060541621,Very High Risk
CUST_002654,Small Business,Technologies,Professional,99,1351.1200000000001,75,34,3,0.9053783188038226,Very High Risk
CUST_002155,Small Business,Healthcare,Enterprise,999,9845.97,62,1,3,0.8997816286043354,Very High Risk
CUST_001189,Startup,Manufacturing,Basic,49,575.18,45,54,0,0.898764525627384,Very High Risk
CUST_000334,Enterprise,Education,Basic,49,241.02,56,37,0,0.8964926245488459,Very High Risk
CUST_001291,Small Business,Healthcare,Basic,49,678.15,56,50,3,0.8963568015277055,Very High Risk
CUST_000811,Small Business,Education,Basic,49,193.60999999999999,61,-54,5,0.8932492840614681,Very High Risk
CUST_000850,Mid-Market,Other,Basic,49,958.4300000000001,63,38,2,0.8923158681472971,Very High Risk
CUST_000981,Small Business,Healthcare,Professional,99,701.15,45,-30,3,0.8901502006048377,Very High Risk
CUST_004720,Small Business,Finance,Enterprise,999,6963.82,61,3,2,0.8897971115337459,Very High Risk
CUST_003067,Enterprise,Finance,Basic,49,1160.59,79,94,3,0.8896990255659163,Very High Risk
CUST_003264,Mid-Market,Manufacturing,Enterprise,999,8744.89,69,50,0,0.8872391710991759,Very High Risk
CUST_001318,Startup,Manufacturing,Enterprise,999,6174.86,41,24,4,0.8871344628223872,Very High Risk
CUST_004687,Small Business,Healthcare,Basic,49,201.78,61,40,0,0.8858122372924236,Very High Risk
CUST_004013,Small Business,Technologies,Enterprise,999,4596.93,29,32,0,0.884366905014434,Very High Risk
CUST_003095,Enterprise,Technologies,Business,399,1648.3899999999999,12,27,3,0.883640448062562,Very High Risk
CUST_004099,Startup,Real Estate,Professional,99,690.13,51,38,3,0.8764435314936049,Very High Risk
CUST_004866,Startup,Technologies,Professional,99,704.0799999999999,41,24,2,0.8718116401166581,Very High Risk
CUST_000291,Startup,Real Estate,Business,399,1664.32,60,-28,1,0.8699996706020764,Very High Risk
CUST_004221,Startup,Technologies,Enterprise,999,10137.06,69,100,3,0.8695778818727093,Very High Risk
CUST_001471,Enterprise,Education,Basic,49,647.86,100,61,2,0.8624854447154117,Very High Risk
CUST_002760,Startup,Technologies,Professional,99,2255.33,69,29,2,0.860068258703297,Very High Risk
CUST_000746,Startup,Retail,Enterprise,999,8070.72,66,43,1,0.8593682860174348,Very High Risk
CUST_001290,Small Business,Technologies,Professional,99,1594.77,68,72,0,0.8592996815137296,Very High Risk
CUST_002406,Mid-Market,Healthcare,Basic,49,199.08,72,-34,5,0.8567798275034728,Very High Risk
CUST_003975,Small Business,Technologies,Basic,49,249.15,59,-34,3,0.8553773798815623,Very High Risk
CUST_001460,Mid-Market,Technologies,Business,399,5034.73,11,36,4,0.8201813031851181,Very High Risk
CUST_004528,Startup,Education,Basic,49,354.66,38,73,3,0.8115921851146964,Very High Risk
CUST_003383,Startup,Manufacturing,Basic,49,1197.41,62,6,1,0.8099465973039766,Very High Risk
CUST_001154,Small Business,Technologies,Enterprise,999,24768.87,54,-25,3,0.7947776773997107,Very High Risk
CUST_000168,Small Business,Manufacturing,Business,399,7694.58,68,7,3,0.7892612319397283,Very High Risk
CUST_000025,Small Business,Finance,Basic,49,534.66,83,5,1,0.7533704981203689,Very High Risk
CUST_004142,Small Business,Healthcare,Business,399,6297.39,55,16,0,0.74796059627388,High Risk
CUST_004231,Enterprise,Retail,Business,399,8739.9,47,100,1,0.7269296472749464,High Risk
CUST_004242,Startup,Finance,Professional,99,294.33,68,-9,0,0.6494489229074477,High Risk
